mes,categoria,subcategoria,canal,ventas_mercado_valor,ventas_mercado_volumen,share_compania,share_competidor_1,share_competidor_2
2025-01,CARNES FRIAS,LONCHAS,E-commerce,6474750,151.368,0.0516621931304717,0.12,0.09
2025-01,CARNES MADURADAS,CHARCUTERIA,E-commerce,11006150,81.207,0.0463013899090802,0.136,0.096
2025-01,QUESO PARMESANO,RALLADOS,E-commerce,7423900,108.787,0.0602095590306683,0.12,0.135
2025-01,QUESOS ANALOGOS,LONCHAS,E-commerce,2587930,64.925,0.0485174474120269,0.164,0.09
2025-01,QUESOS FRESCOS,QUESOS TAJADOS,E-commerce,2686040,63.004,0.0674562608098844,0.16,0.095
2025-01,QUESOS FRESCOS,UNTABLES,E-commerce,2964000,55.78,0.0681242209025961,0.153,0.141
2025-01,QUESOS MADURADOS,CUÑAS PREMIUM,E-commerce,2507990,22.71,0.0594460663788551,0.148,0.116
2025-01,QUESOS MADURADOS,TEMPORADA,E-commerce,1019010,15.65,0.0575065724180902,0.156,0.09
2025-01,CARNES FRIAS,LONCHAS,Grandes Superficies,134942060,3349.347,0.1224387747514766,0.173,0.134
2025-01,CARNES MADURADAS,CHARCUTERIA,Grandes Superficies,291572230,2334.171,0.097473581726083,0.217,0.173
2025-01,QUESO PARMESANO,RALLADOS,Grandes Superficies,115356140,1760.988,0.1711255309756134,0.229,0.211
2025-01,QUESOS ANALOGOS,LONCHAS,Grandes Superficies,45622200,1199.469,0.1489408724288067,0.233,0.19
2025-01,QUESOS ANALOGOS,LONCHITAS,Grandes Superficies,60865280,2131.941,0.1507583645564494,0.265,0.203
2025-01,QUESOS FRESCOS,QUESOS TAJADOS,Grandes Superficies,121537020,3007.899,0.1602447613959999,0.218,0.239
2025-01,QUESOS FRESCOS,UNTABLES,Grandes Superficies,53921560,1067.115,0.1583709659606156,0.228,0.219
2025-01,QUESOS MADURADOS,CUÑAS,Grandes Superficies,116070470,1191.676,0.1321667733966472,0.188,0.175
2025-01,QUESOS MADURADOS,ESPECIALES,Grandes Superficies,102404570,1021.542,0.1333767565286741,0.25,0.152
2025-01,QUESOS MADURADOS,MEZCLAS PREMIUM,Grandes Superficies,88834020,944.619,0.1291949841021787,0.249,0.181
2025-01,QUESOS MADURADOS,QUESOS BLANDOS,Grandes Superficies,50744880,487.231,0.1300718384497378,0.219,0.141
2025-01,QUESOS MADURADOS,QUESOS TAJADOS PREMIUM,Grandes Superficies,278300310,2855.319,0.133382641179651,0.211,0.152
2025-01,QUESOS MADURADOS,TEMPORADA,Grandes Superficies,1584080,23.569,0.1315270958994432,0.25,0.144
2025-01,CARNES FRIAS,LONCHAS,Hard Discount,176787080,4826.776,0.1038788562023325,0.184,0.146
2025-01,CARNES MADURADAS,CHARCUTERIA,Hard Discount,96814600,868.384,0.0796882907656428,0.173,0.123
2025-01,QUESO PARMESANO,RALLADOS,Hard Discount,206103290,3478.471,0.1175516403270861,0.187,0.192
2025-01,QUESOS ANALOGOS,LONCHAS,Hard Discount,95652260,2760.964,0.1787419420751195,0.241,0.204
2025-01,QUESOS ANALOGOS,LONCHITAS,Hard Discount,77435390,2986.105,0.183055835332981,0.241,0.231
2025-01,QUESOS ANALOGOS,RALLADOS,Hard Discount,49575410,1368.728,0.1809344420586164,0.298,0.219
2025-01,QUESOS FRESCOS,QUESOS TAJADOS,Hard Discount,178134150,4852.569,0.1409665719061112,0.245,0.156
2025-01,QUESOS FRESCOS,UNTABLES,Hard Discount,82127950,1786.705,0.1400343071607941,0.255,0.215
2025-01,CARNES MADURADAS,CHARCUTERIA,Tiendas Especializadas,40266300,290.83,0.0833476115741376,0.151,0.103
2025-01,QUESOS MADURADOS,CUÑAS,Tiendas Especializadas,17641850,164.848,0.092509572692702,0.172,0.121
2025-01,QUESOS MADURADOS,CUÑAS PREMIUM,Tiendas Especializadas,21524180,188.13,0.0916917663529801,0.185,0.135
2025-01,QUESOS MADURADOS,ESPECIALES,Tiendas Especializadas,16865940,153.469,0.0928528247396341,0.172,0.152
2025-01,QUESOS MADURADOS,MEZCLAS PREMIUM,Tiendas Especializadas,8703100,84.382,0.0895922469470471,0.159,0.131
2025-01,QUESOS MADURADOS,QUESOS BLANDOS,Tiendas Especializadas,14417510,126.428,0.0870060042839696,0.179,0.165
2025-01,QUESOS MADURADOS,QUESOS TAJADOS PREMIUM,Tiendas Especializadas,28031980,262.049,0.092730875995684,0.172,0.13
2025-01,QUESOS MADURADOS,TEMPORADA,Tiendas Especializadas,709890,10.242,0.0878723959494595,0.179,0.147
2025-01,CARNES FRIAS,LONCHAS,Tradicional Modernizado,9056930,231.02,0.0816380429357034,0.191,0.132
2025-01,CARNES MADURADAS,CHARCUTERIA,Tradicional Modernizado,10455550,86.74,0.0562600901448538,0.16,0.103
2025-01,QUESO PARMESANO,RALLADOS,Tradicional Modernizado,11264190,177.992,0.0862396527487207,0.168,0.112
2025-01,QUESOS ANALOGOS,LONCHAS,Tradicional Modernizado,2944250,79.371,0.1115021522609303,0.191,0.154
2025-01,QUESOS FRESCOS,QUESOS TAJADOS,Tradicional Modernizado,5178480,132.175,0.1002455399923217,0.172,0.139
2025-01,QUESOS FRESCOS,UNTABLES,Tradicional Modernizado,4434330,90.511,0.1016454611250953,0.189,0.146
2025-02,CARNES FRIAS,LONCHAS,E-commerce,6489600,152.321,0.0498289669636287,0.12,0.09
2025-02,CARNES MADURADAS,CHARCUTERIA,E-commerce,8806930,64.484,0.0533465989526116,0.169,0.09
2025-02,QUESO PARMESANO,RALLADOS,E-commerce,5136140,74.823,0.0614780409090154,0.12,0.09
2025-02,QUESOS ANALOGOS,LONCHAS,E-commerce,2902270,72.061,0.0499575224215091,0.143,0.123
2025-02,QUESOS FRESCOS,QUESOS TAJADOS,E-commerce,2345890,54.575,0.0732940187423178,0.136,0.095
2025-02,QUESOS FRESCOS,UNTABLES,E-commerce,1716760,32.277,0.0743552202640697,0.134,0.091
2025-02,QUESOS MADURADOS,CUÑAS PREMIUM,E-commerce,2475400,22.517,0.0599540431996775,0.173,0.116
2025-02,QUESOS MADURADOS,TEMPORADA,E-commerce,492770,7.874,0.063497997837368,0.169,0.136
2025-02,CARNES FRIAS,LONCHAS,Grandes Superficies,121170990,3013.937,0.1158418391507268,0.202,0.156
2025-02,CARNES MADURADAS,CHARCUTERIA,Grandes Superficies,258774210,2073.524,0.1010453463154561,0.184,0.119
2025-02,QUESO PARMESANO,RALLADOS,Grandes Superficies,106285700,1629.158,0.173648000119897,0.288,0.214
2025-02,QUESOS ANALOGOS,LONCHAS,Grandes Superficies,45560940,1196.019,0.1474892861047623,0.227,0.175
2025-02,QUESOS ANALOGOS,LONCHITAS,Grandes Superficies,55517390,1944.169,0.1497647897064363,0.223,0.173
2025-02,QUESOS FRESCOS,QUESOS TAJADOS,Grandes Superficies,117789430,2921.668,0.1566913037585545,0.235,0.234
2025-02,QUESOS FRESCOS,UNTABLES,Grandes Superficies,44787720,886.528,0.1599498742753679,0.254,0.202
2025-02,QUESOS MADURADOS,CUÑAS,Grandes Superficies,104542710,1071.112,0.1283712677911398,0.221,0.167
2025-02,QUESOS MADURADOS,ESPECIALES,Grandes Superficies,98362800,981.015,0.1271642387215596,0.213,0.148
2025-02,QUESOS MADURADOS,MEZCLAS PREMIUM,Grandes Superficies,79187270,842.733,0.1281544340732835,0.191,0.139
2025-02,QUESOS MADURADOS,QUESOS BLANDOS,Grandes Superficies,43042320,413.241,0.1330941206277042,0.247,0.198
2025-02,QUESOS MADURADOS,QUESOS TAJADOS PREMIUM,Grandes Superficies,254874980,2614.851,0.1297014728119216,0.213,0.145
2025-02,QUESOS MADURADOS,TEMPORADA,Grandes Superficies,2602040,39.267,0.1324267647633139,0.201,0.165
2025-02,CARNES FRIAS,LONCHAS,Hard Discount,169853510,4647.0,0.0991370742180528,0.204,0.178
2025-02,CARNES MADURADAS,CHARCUTERIA,Hard Discount,78023120,700.483,0.0821147658869189,0.173,0.111
2025-02,QUESO PARMESANO,RALLADOS,Hard Discount,181660380,3060.306,0.1225040912887378,0.241,0.172
2025-02,QUESOS ANALOGOS,LONCHAS,Hard Discount,90004980,2607.668,0.1751565233547059,0.241,0.193
2025-02,QUESOS ANALOGOS,LONCHITAS,Hard Discount,77626320,2989.854,0.174831302278471,0.254,0.24
2025-02,QUESOS ANALOGOS,RALLADOS,Hard Discount,46082310,1276.985,0.1743167886070034,0.292,0.197
2025-02,QUESOS FRESCOS,QUESOS TAJADOS,Hard Discount,160436150,4374.717,0.1411748574601212,0.193,0.159
2025-02,QUESOS FRESCOS,UNTABLES,Hard Discount,78334210,1707.967,0.1391127905959337,0.21,0.168
2025-02,CARNES MADURADAS,CHARCUTERIA,Tiendas Especializadas,33895040,244.102,0.0838993016675923,0.187,0.138
2025-02,QUESOS MADURADOS,CUÑAS,Tiendas Especializadas,9320580,86.577,0.092403038897495,0.199,0.144
2025-02,QUESOS MADURADOS,CUÑAS PREMIUM,Tiendas Especializadas,22701300,198.705,0.0905864571715108,0.169,0.11
2025-02,QUESOS MADURADOS,ESPECIALES,Tiendas Especializadas,16163830,146.441,0.0938941907536575,0.191,0.134
2025-02,QUESOS MADURADOS,MEZCLAS PREMIUM,Tiendas Especializadas,10255000,99.12,0.0907986401237334,0.181,0.15
2025-02,QUESOS MADURADOS,QUESOS BLANDOS,Tiendas Especializadas,13334260,116.775,0.0952689104273324,0.168,0.107
2025-02,QUESOS MADURADOS,QUESOS TAJADOS PREMIUM,Tiendas Especializadas,26318180,245.655,0.0940342421078314,0.167,0.122
2025-02,QUESOS MADURADOS,TEMPORADA,Tiendas Especializadas,636860,9.296,0.0968191995881743,0.176,0.166
2025-02,CARNES FRIAS,LONCHAS,Tradicional Modernizado,7674840,197.089,0.0781879662076122,0.145,0.138
2025-02,CARNES MADURADAS,CHARCUTERIA,Tradicional Modernizado,6948820,57.518,0.062589058265097,0.152,0.099
2025-02,QUESO PARMESANO,RALLADOS,Tradicional Modernizado,8455360,131.974,0.0932000700600754,0.167,0.168
2025-02,QUESOS ANALOGOS,LONCHAS,Tradicional Modernizado,2698310,72.535,0.1075339895859212,0.214,0.179
2025-02,QUESOS FRESCOS,QUESOS TAJADOS,Tradicional Modernizado,5096240,131.231,0.1009666492377832,0.217,0.123
2025-02,QUESOS FRESCOS,UNTABLES,Tradicional Modernizado,4474430,90.984,0.101116827176844,0.175,0.165
2025-03,CARNES FRIAS,LONCHAS,E-commerce,6474520,152.135,0.0529135897804456,0.127,0.09
2025-03,CARNES MADURADAS,CHARCUTERIA,E-commerce,9427820,68.819,0.0523111333190099,0.12,0.09
2025-03,QUESO PARMESANO,RALLADOS,E-commerce,9659580,139.495,0.0598587125600264,0.156,0.126
2025-03,QUESOS ANALOGOS,LONCHAS,E-commerce,2603210,64.317,0.0559731286057421,0.139,0.09
2025-03,QUESOS FRESCOS,QUESOS TAJADOS,E-commerce,3617150,84.256,0.068244329276954,0.182,0.092
2025-03,QUESOS FRESCOS,UNTABLES,E-commerce,4369930,81.484,0.0711796729665077,0.153,0.09
2025-03,QUESOS MADURADOS,CUÑAS PREMIUM,E-commerce,3561070,32.401,0.064812033054352,0.128,0.109
2025-03,CARNES FRIAS,LONCHAS,Grandes Superficies,128834240,3207.898,0.1195206360809442,0.187,0.162
2025-03,CARNES MADURADAS,CHARCUTERIA,Grandes Superficies,268683810,2158.805,0.101759981441328,0.165,0.128
2025-03,QUESO PARMESANO,RALLADOS,Grandes Superficies,108140320,1650.906,0.1767514604059297,0.279,0.198
2025-03,QUESOS ANALOGOS,LONCHAS,Grandes Superficies,47521210,1253.211,0.1472218388429284,0.234,0.216
2025-03,QUESOS ANALOGOS,LONCHITAS,Grandes Superficies,59869530,2094.719,0.1505500262562668,0.264,0.22
2025-03,QUESOS FRESCOS,QUESOS TAJADOS,Grandes Superficies,128883150,3197.985,0.1603197219690773,0.236,0.231
2025-03,QUESOS FRESCOS,UNTABLES,Grandes Superficies,51971640,1030.355,0.1638270256605555,0.231,0.224
2025-03,QUESOS MADURADOS,CUÑAS,Grandes Superficies,103245030,1057.494,0.1333340672885036,0.227,0.151
2025-03,QUESOS MADURADOS,ESPECIALES,Grandes Superficies,108986820,1087.868,0.1323690324887685,0.205,0.162
2025-03,QUESOS MADURADOS,MEZCLAS PREMIUM,Grandes Superficies,87629940,931.403,0.1260035153150872,0.233,0.146
2025-03,QUESOS MADURADOS,QUESOS BLANDOS,Grandes Superficies,47575500,457.325,0.1292843908849046,0.192,0.191
2025-03,QUESOS MADURADOS,QUESOS TAJADOS PREMIUM,Grandes Superficies,287655860,2950.746,0.1298315630013501,0.203,0.151
2025-03,QUESOS MADURADOS,TEMPORADA,Grandes Superficies,1520330,24.101,0.1286237471006011,0.196,0.196
2025-03,CARNES FRIAS,LONCHAS,Hard Discount,182909240,4988.702,0.099907745051215,0.175,0.175
2025-03,CARNES MADURADAS,CHARCUTERIA,Hard Discount,99724090,893.329,0.0832839911452384,0.194,0.15
2025-03,QUESO PARMESANO,RALLADOS,Hard Discount,195064380,3285.298,0.119882576151788,0.228,0.144
2025-03,QUESOS ANALOGOS,LONCHAS,Hard Discount,100389320,2899.585,0.1686965373135272,0.276,0.24
2025-03,QUESOS ANALOGOS,LONCHITAS,Hard Discount,87012670,3353.742,0.1732941861810907,0.27,0.24
2025-03,QUESOS ANALOGOS,RALLADOS,Hard Discount,54291770,1499.583,0.1719477868708006,0.241,0.24
2025-03,QUESOS FRESCOS,QUESOS TAJADOS,Hard Discount,187054920,5098.566,0.1422654877729503,0.226,0.175
2025-03,QUESOS FRESCOS,UNTABLES,Hard Discount,88203640,1926.659,0.1374400164746053,0.196,0.152
2025-03,CARNES MADURADAS,CHARCUTERIA,Tiendas Especializadas,37876670,273.499,0.0874591226624521,0.167,0.104
2025-03,QUESOS MADURADOS,CUÑAS,Tiendas Especializadas,15196520,142.096,0.0967655838880761,0.177,0.13
2025-03,QUESOS MADURADOS,CUÑAS PREMIUM,Tiendas Especializadas,18042690,157.686,0.0979793115031014,0.216,0.156
2025-03,QUESOS MADURADOS,ESPECIALES,Tiendas Especializadas,19353620,175.672,0.0925020845279295,0.189,0.148
2025-03,QUESOS MADURADOS,MEZCLAS PREMIUM,Tiendas Especializadas,14818890,144.276,0.0973136559892578,0.171,0.123
2025-03,QUESOS MADURADOS,QUESOS BLANDOS,Tiendas Especializadas,12862080,112.659,0.0987492205407758,0.197,0.109
2025-03,QUESOS MADURADOS,QUESOS TAJADOS PREMIUM,Tiendas Especializadas,31295980,291.987,0.0955522221573273,0.186,0.159
2025-03,CARNES FRIAS,LONCHAS,Tradicional Modernizado,8714800,222.774,0.0825950842983657,0.177,0.151
2025-03,CARNES MADURADAS,CHARCUTERIA,Tradicional Modernizado,8270270,68.444,0.0596111250356063,0.12,0.09
2025-03,QUESO PARMESANO,RALLADOS,Tradicional Modernizado,9098820,141.678,0.0875222917912791,0.167,0.128
2025-03,QUESOS ANALOGOS,LONCHAS,Tradicional Modernizado,2881370,77.73,0.1138556604838229,0.184,0.143
2025-03,QUESOS FRESCOS,QUESOS TAJADOS,Tradicional Modernizado,5027460,128.658,0.0990997179167992,0.199,0.177
2025-03,QUESOS FRESCOS,UNTABLES,Tradicional Modernizado,4050130,82.475,0.1018484592317986,0.172,0.152
2025-04,CARNES FRIAS,LONCHAS,E-commerce,3726030,86.351,0.0532712349587537,0.145,0.102
2025-04,CARNES MADURADAS,CHARCUTERIA,E-commerce,7467580,55.014,0.0494417315734279,0.127,0.09
2025-04,QUESO PARMESANO,RALLADOS,E-commerce,4676350,67.128,0.066291072914776,0.185,0.09
2025-04,QUESOS ANALOGOS,LONCHAS,E-commerce,2723600,67.271,0.0512850462844887,0.167,0.091
2025-04,QUESOS FRESCOS,QUESOS TAJADOS,E-commerce,3561960,83.208,0.0751131230436464,0.186,0.09
2025-04,QUESOS FRESCOS,UNTABLES,E-commerce,2431590,45.352,0.0705589025526271,0.167,0.129
2025-04,QUESOS MADURADOS,CUÑAS PREMIUM,E-commerce,3283820,29.727,0.0605514102207078,0.143,0.125
2025-04,CARNES FRIAS,LONCHAS,Grandes Superficies,127058100,3157.884,0.1148585538974922,0.212,0.163
2025-04,CARNES MADURADAS,CHARCUTERIA,Grandes Superficies,273576900,2193.446,0.1029977672536838,0.157,0.131
2025-04,QUESO PARMESANO,RALLADOS,Grandes Superficies,113884720,1740.057,0.1713162259202245,0.233,0.217
2025-04,QUESOS ANALOGOS,LONCHAS,Grandes Superficies,50425380,1324.414,0.148820492884997,0.233,0.194
2025-04,QUESOS ANALOGOS,LONCHITAS,Grandes Superficies,60089200,2096.661,0.1504105532318966,0.241,0.226
2025-04,QUESOS FRESCOS,QUESOS TAJADOS,Grandes Superficies,125199590,3102.592,0.1637985378694017,0.277,0.237
2025-04,QUESOS FRESCOS,UNTABLES,Grandes Superficies,54231390,1076.834,0.1647422267815396,0.269,0.195
2025-04,QUESOS MADURADOS,CUÑAS,Grandes Superficies,117982730,1209.676,0.1266867655388782,0.238,0.163
2025-04,QUESOS MADURADOS,ESPECIALES,Grandes Superficies,112240980,1117.953,0.1272414947629249,0.217,0.202
2025-04,QUESOS MADURADOS,MEZCLAS PREMIUM,Grandes Superficies,79333930,844.72,0.1282791569458454,0.191,0.154
2025-04,QUESOS MADURADOS,QUESOS BLANDOS,Grandes Superficies,46661190,448.705,0.1303751594780639,0.195,0.189
2025-04,QUESOS MADURADOS,QUESOS TAJADOS PREMIUM,Grandes Superficies,280194910,2873.957,0.1339790591596397,0.222,0.205
2025-04,QUESOS MADURADOS,TEMPORADA,Grandes Superficies,2710860,42.022,0.1285053663089261,0.206,0.207
2025-04,CARNES FRIAS,LONCHAS,Hard Discount,180340840,4926.408,0.0960354851966535,0.172,0.113
2025-04,CARNES MADURADAS,CHARCUTERIA,Hard Discount,105344290,942.03,0.0796577581780369,0.196,0.126
2025-04,QUESO PARMESANO,RALLADOS,Hard Discount,193175640,3259.382,0.122952767962276,0.208,0.141
2025-04,QUESOS ANALOGOS,LONCHAS,Hard Discount,105574720,3054.078,0.1662531445494806,0.255,0.234
2025-04,QUESOS ANALOGOS,LONCHITAS,Hard Discount,88236820,3392.593,0.1646032801450513,0.254,0.223
2025-04,QUESOS ANALOGOS,RALLADOS,Hard Discount,55531200,1534.582,0.164018615859035,0.234,0.24
2025-04,QUESOS FRESCOS,QUESOS TAJADOS,Hard Discount,180788820,4935.756,0.140079847662199,0.257,0.197
2025-04,QUESOS FRESCOS,UNTABLES,Hard Discount,84461600,1841.555,0.1417280810989823,0.214,0.189
2025-04,CARNES MADURADAS,CHARCUTERIA,Tiendas Especializadas,36841070,265.37,0.0856164085358102,0.201,0.157
2025-04,QUESOS MADURADOS,CUÑAS,Tiendas Especializadas,11709440,110.055,0.0999501222584758,0.192,0.172
2025-04,QUESOS MADURADOS,CUÑAS PREMIUM,Tiendas Especializadas,22580460,197.601,0.0979244949756668,0.194,0.147
2025-04,QUESOS MADURADOS,ESPECIALES,Tiendas Especializadas,13023910,118.512,0.1012553323410272,0.173,0.15
2025-04,QUESOS MADURADOS,MEZCLAS PREMIUM,Tiendas Especializadas,10792350,104.707,0.0962682200291804,0.208,0.172
2025-04,QUESOS MADURADOS,QUESOS BLANDOS,Tiendas Especializadas,14832940,129.617,0.1002956710458703,0.214,0.164
2025-04,QUESOS MADURADOS,QUESOS TAJADOS PREMIUM,Tiendas Especializadas,29690490,277.377,0.0967996845900773,0.159,0.166
2025-04,QUESOS MADURADOS,TEMPORADA,Tiendas Especializadas,1075880,15.157,0.0989609435753244,0.152,0.111
2025-04,CARNES FRIAS,LONCHAS,Tradicional Modernizado,8356480,214.41,0.0815260004482657,0.149,0.141
2025-04,CARNES MADURADAS,CHARCUTERIA,Tradicional Modernizado,8363580,69.2,0.063584038540949,0.137,0.104
2025-04,QUESO PARMESANO,RALLADOS,Tradicional Modernizado,9476520,147.417,0.090559642510426,0.181,0.132
2025-04,QUESOS ANALOGOS,LONCHAS,Tradicional Modernizado,3260160,88.367,0.1103350420448476,0.184,0.19
2025-04,QUESOS FRESCOS,QUESOS TAJADOS,Tradicional Modernizado,5905130,150.929,0.1026971854990547,0.218,0.16
2025-04,QUESOS FRESCOS,UNTABLES,Tradicional Modernizado,4024720,82.428,0.1019077032104394,0.202,0.164
2025-05,CARNES FRIAS,LONCHAS,E-commerce,6590290,155.701,0.0517018201139944,0.124,0.117
2025-05,CARNES MADURADAS,CHARCUTERIA,E-commerce,9234640,67.763,0.0578484833100862,0.12,0.09
2025-05,QUESO PARMESANO,RALLADOS,E-commerce,5717690,83.85,0.0679785035203684,0.162,0.102
2025-05,QUESOS ANALOGOS,LONCHAS,E-commerce,2743830,68.127,0.0506408957510589,0.12,0.103
2025-05,QUESOS FRESCOS,QUESOS TAJADOS,E-commerce,3753000,87.671,0.0712896384977221,0.131,0.09
2025-05,QUESOS FRESCOS,UNTABLES,E-commerce,2625670,48.997,0.0734745554238088,0.141,0.099
2025-05,QUESOS MADURADOS,CUÑAS PREMIUM,E-commerce,3590470,32.625,0.0643676512615735,0.183,0.111
2025-05,CARNES FRIAS,LONCHAS,Grandes Superficies,133972160,3325.842,0.1152820821879095,0.203,0.16
2025-05,CARNES MADURADAS,CHARCUTERIA,Grandes Superficies,277811220,2223.808,0.1032103391030824,0.179,0.174
2025-05,QUESO PARMESANO,RALLADOS,Grandes Superficies,116026080,1774.115,0.1784551392597146,0.257,0.24
2025-05,QUESOS ANALOGOS,LONCHAS,Grandes Superficies,53196260,1400.319,0.1464309677854315,0.204,0.222
2025-05,QUESOS ANALOGOS,LONCHITAS,Grandes Superficies,63581770,2226.838,0.1514470176425248,0.219,0.223
2025-05,QUESOS FRESCOS,QUESOS TAJADOS,Grandes Superficies,133096010,3295.552,0.1630075933286951,0.216,0.19
2025-05,QUESOS FRESCOS,UNTABLES,Grandes Superficies,58419800,1159.903,0.1612203406161814,0.225,0.232
2025-05,QUESOS MADURADOS,CUÑAS,Grandes Superficies,118708330,1219.091,0.1302200079185162,0.219,0.199
2025-05,QUESOS MADURADOS,ESPECIALES,Grandes Superficies,128559320,1281.875,0.1271574879955357,0.193,0.186
2025-05,QUESOS MADURADOS,MEZCLAS PREMIUM,Grandes Superficies,82012230,872.462,0.1287390982712705,0.197,0.187
2025-05,QUESOS MADURADOS,QUESOS BLANDOS,Grandes Superficies,51767450,498.153,0.1299801417432303,0.231,0.141
2025-05,QUESOS MADURADOS,QUESOS TAJADOS PREMIUM,Grandes Superficies,305140570,3133.844,0.1273675266670193,0.195,0.159
2025-05,QUESOS MADURADOS,TEMPORADA,Grandes Superficies,1556990,24.694,0.1336363757367976,0.25,0.173
2025-05,CARNES FRIAS,LONCHAS,Hard Discount,183926930,5019.601,0.1010339274484908,0.199,0.15
2025-05,CARNES MADURADAS,CHARCUTERIA,Hard Discount,93487770,839.47,0.0797646544040828,0.199,0.098
2025-05,QUESO PARMESANO,RALLADOS,Hard Discount,198519590,3348.983,0.1222161985465296,0.239,0.16
2025-05,QUESOS ANALOGOS,LONCHAS,Hard Discount,111328850,3226.087,0.1621779015689785,0.264,0.22
2025-05,QUESOS ANALOGOS,LONCHITAS,Hard Discount,94338700,3631.253,0.1645712791488335,0.278,0.24
2025-05,QUESOS ANALOGOS,RALLADOS,Hard Discount,57538850,1590.611,0.1679543409791815,0.251,0.211
2025-05,QUESOS FRESCOS,QUESOS TAJADOS,Hard Discount,195127140,5319.523,0.1406141140191606,0.255,0.191
2025-05,QUESOS FRESCOS,UNTABLES,Hard Discount,84659710,1845.915,0.1431268833570195,0.255,0.161
2025-05,CARNES MADURADAS,CHARCUTERIA,Tiendas Especializadas,39330520,283.788,0.0958461834114073,0.213,0.142
2025-05,QUESOS MADURADOS,CUÑAS,Tiendas Especializadas,16208340,151.357,0.1040587661586207,0.164,0.154
2025-05,QUESOS MADURADOS,CUÑAS PREMIUM,Tiendas Especializadas,19508430,170.692,0.1019379727824839,0.215,0.149
2025-05,QUESOS MADURADOS,ESPECIALES,Tiendas Especializadas,16023360,146.182,0.1026120632197531,0.195,0.147
2025-05,QUESOS MADURADOS,MEZCLAS PREMIUM,Tiendas Especializadas,12973880,125.884,0.1058118423151608,0.168,0.12
2025-05,QUESOS MADURADOS,QUESOS BLANDOS,Tiendas Especializadas,13387210,117.258,0.1012720312673025,0.215,0.148
2025-05,QUESOS MADURADOS,QUESOS TAJADOS PREMIUM,Tiendas Especializadas,30602420,285.383,0.1009168410892428,0.163,0.18
2025-05,QUESOS MADURADOS,TEMPORADA,Tiendas Especializadas,1457840,20.024,0.1048741724320126,0.164,0.156
2025-05,CARNES FRIAS,LONCHAS,Tradicional Modernizado,8704040,220.177,0.083569267289874,0.163,0.155
2025-05,CARNES MADURADAS,CHARCUTERIA,Tradicional Modernizado,9275600,77.057,0.0560621657021632,0.146,0.09
2025-05,QUESO PARMESANO,RALLADOS,Tradicional Modernizado,9189410,144.269,0.0928819339177594,0.159,0.107
2025-05,QUESOS ANALOGOS,LONCHAS,Tradicional Modernizado,3799080,102.769,0.112387754963117,0.184,0.151
2025-05,QUESOS FRESCOS,QUESOS TAJADOS,Tradicional Modernizado,7263630,186.064,0.0994282514109681,0.15,0.161
2025-05,QUESOS FRESCOS,UNTABLES,Tradicional Modernizado,4685860,96.221,0.0997704380838276,0.172,0.116
2025-06,CARNES FRIAS,LONCHAS,E-commerce,6890750,162.877,0.0550723652898098,0.142,0.113
2025-06,CARNES MADURADAS,CHARCUTERIA,E-commerce,10414990,77.572,0.0587844739439059,0.12,0.09
2025-06,QUESO PARMESANO,RALLADOS,E-commerce,4525800,66.483,0.0624220863517735,0.166,0.122
2025-06,QUESOS ANALOGOS,LONCHAS,E-commerce,2480100,61.499,0.053659059915706,0.12,0.118
2025-06,QUESOS FRESCOS,QUESOS TAJADOS,E-commerce,3195870,75.1,0.0765644478012455,0.161,0.143
2025-06,QUESOS FRESCOS,UNTABLES,E-commerce,2008520,37.428,0.0748111879603594,0.142,0.109
2025-06,QUESOS MADURADOS,CUÑAS PREMIUM,E-commerce,2810870,25.61,0.0644284722615398,0.12,0.14
2025-06,CARNES FRIAS,LONCHAS,Grandes Superficies,134953410,3352.557,0.114637855359306,0.198,0.176
2025-06,CARNES MADURADAS,CHARCUTERIA,Grandes Superficies,286539990,2292.776,0.0984658035905356,0.164,0.162
2025-06,QUESO PARMESANO,RALLADOS,Grandes Superficies,119102650,1821.176,0.1743927653788189,0.291,0.185
2025-06,QUESOS ANALOGOS,LONCHAS,Grandes Superficies,46844480,1230.013,0.1497544611279687,0.201,0.19
2025-06,QUESOS ANALOGOS,LONCHITAS,Grandes Superficies,60255810,2112.345,0.152838701609304,0.232,0.167
2025-06,QUESOS FRESCOS,QUESOS TAJADOS,Grandes Superficies,124799360,3094.917,0.1660949275441465,0.276,0.201
2025-06,QUESOS FRESCOS,UNTABLES,Grandes Superficies,55234440,1094.186,0.1656024873566028,0.243,0.178
2025-06,QUESOS MADURADOS,CUÑAS,Grandes Superficies,117871120,1207.697,0.1260664148881782,0.189,0.138
2025-06,QUESOS MADURADOS,ESPECIALES,Grandes Superficies,106153680,1061.45,0.1314239943407973,0.181,0.207
2025-06,QUESOS MADURADOS,MEZCLAS PREMIUM,Grandes Superficies,88795730,943.857,0.1285364703628995,0.248,0.188
2025-06,QUESOS MADURADOS,QUESOS BLANDOS,Grandes Superficies,50378790,484.352,0.1318773231685049,0.242,0.201
2025-06,QUESOS MADURADOS,QUESOS TAJADOS PREMIUM,Grandes Superficies,289659350,2971.967,0.1295101990366573,0.215,0.143
2025-06,QUESOS MADURADOS,TEMPORADA,Grandes Superficies,3140320,48.321,0.1283085878566456,0.209,0.191
2025-06,CARNES FRIAS,LONCHAS,Hard Discount,173653850,4743.599,0.1026456947821108,0.161,0.181
2025-06,CARNES MADURADAS,CHARCUTERIA,Hard Discount,103327870,926.373,0.0761680257793211,0.169,0.151
2025-06,QUESO PARMESANO,RALLADOS,Hard Discount,203473930,3431.404,0.1190183412411435,0.218,0.192
2025-06,QUESOS ANALOGOS,LONCHAS,Hard Discount,105362450,3053.503,0.1623545247868414,0.228,0.22
2025-06,QUESOS ANALOGOS,LONCHITAS,Hard Discount,90145570,3480.937,0.1639006788622748,0.26,0.191
2025-06,QUESOS ANALOGOS,RALLADOS,Hard Discount,55698680,1539.538,0.1634905791024533,0.261,0.209
2025-06,QUESOS FRESCOS,QUESOS TAJADOS,Hard Discount,188033120,5134.328,0.1412940481248812,0.236,0.155
2025-06,QUESOS FRESCOS,UNTABLES,Hard Discount,90406800,1974.451,0.1369494309157187,0.194,0.184
2025-06,CARNES MADURADAS,CHARCUTERIA,Tiendas Especializadas,36514870,261.913,0.0934660329162226,0.168,0.149
2025-06,QUESOS MADURADOS,CUÑAS,Tiendas Especializadas,17185850,159.787,0.1016976437792285,0.195,0.131
2025-06,QUESOS MADURADOS,CUÑAS PREMIUM,Tiendas Especializadas,19277880,168.911,0.1021248444145618,0.165,0.18
2025-06,QUESOS MADURADOS,ESPECIALES,Tiendas Especializadas,15971750,145.136,0.1067960505344142,0.217,0.128
2025-06,QUESOS MADURADOS,MEZCLAS PREMIUM,Tiendas Especializadas,10656520,102.996,0.1013633153959337,0.176,0.179
2025-06,QUESOS MADURADOS,QUESOS BLANDOS,Tiendas Especializadas,13401220,117.073,0.1089065392824423,0.172,0.124
2025-06,QUESOS MADURADOS,QUESOS TAJADOS PREMIUM,Tiendas Especializadas,31529490,294.923,0.1017215988674949,0.215,0.117
2025-06,QUESOS MADURADOS,TEMPORADA,Tiendas Especializadas,701880,9.589,0.1042914707894985,0.209,0.141
2025-06,CARNES FRIAS,LONCHAS,Tradicional Modernizado,10440620,267.913,0.0764053902421552,0.187,0.102
2025-06,CARNES MADURADAS,CHARCUTERIA,Tradicional Modernizado,10762590,89.351,0.0635692453025826,0.122,0.095
2025-06,QUESO PARMESANO,RALLADOS,Tradicional Modernizado,9768510,153.469,0.0928524174213081,0.209,0.125
2025-06,QUESOS ANALOGOS,LONCHAS,Tradicional Modernizado,3181490,85.998,0.1116299565937163,0.2,0.147
2025-06,QUESOS FRESCOS,QUESOS TAJADOS,Tradicional Modernizado,6196610,159.222,0.0973484426962582,0.159,0.119
2025-06,QUESOS FRESCOS,UNTABLES,Tradicional Modernizado,3584260,73.397,0.1035471190818013,0.158,0.15
2025-07,CARNES FRIAS,LONCHAS,E-commerce,6471800,152.651,0.0557479893534958,0.121,0.095
2025-07,CARNES MADURADAS,CHARCUTERIA,E-commerce,10326670,75.724,0.055992881602255,0.132,0.105
2025-07,QUESO PARMESANO,RALLADOS,E-commerce,7077650,103.239,0.0639294413027701,0.17,0.101
2025-07,QUESOS ANALOGOS,LONCHAS,E-commerce,2858870,71.51,0.0524403477014636,0.164,0.12
2025-07,QUESOS FRESCOS,QUESOS TAJADOS,E-commerce,3471280,81.102,0.0770636816224757,0.195,0.153
2025-07,QUESOS FRESCOS,UNTABLES,E-commerce,2905330,53.874,0.0779601981683134,0.166,0.105
2025-07,QUESOS MADURADOS,CUÑAS PREMIUM,E-commerce,2521070,22.848,0.0656506962688842,0.175,0.094
2025-07,CARNES FRIAS,LONCHAS,Grandes Superficies,141641630,3519.848,0.1116070897305573,0.195,0.18
2025-07,CARNES MADURADAS,CHARCUTERIA,Grandes Superficies,308260570,2464.862,0.0986018750287154,0.191,0.155
2025-07,QUESO PARMESANO,RALLADOS,Grandes Superficies,117946280,1800.027,0.1776084831116608,0.29,0.235
2025-07,QUESOS ANALOGOS,LONCHAS,Grandes Superficies,51048530,1343.454,0.1477162944715899,0.267,0.208
2025-07,QUESOS ANALOGOS,LONCHITAS,Grandes Superficies,67701700,2368.233,0.151039198463993,0.215,0.193
2025-07,QUESOS FRESCOS,QUESOS TAJADOS,Grandes Superficies,136307780,3377.578,0.1669835702159191,0.266,0.237
2025-07,QUESOS FRESCOS,UNTABLES,Grandes Superficies,59456790,1177.713,0.1599711268728115,0.216,0.18
2025-07,QUESOS MADURADOS,CUÑAS,Grandes Superficies,121886470,1251.081,0.1296878163335085,0.193,0.151
2025-07,QUESOS MADURADOS,ESPECIALES,Grandes Superficies,125135240,1250.203,0.1277792737979173,0.221,0.146
2025-07,QUESOS MADURADOS,MEZCLAS PREMIUM,Grandes Superficies,99499720,1057.923,0.1330531395299708,0.194,0.21
2025-07,QUESOS MADURADOS,QUESOS BLANDOS,Grandes Superficies,54989160,529.619,0.1316985045106759,0.221,0.146
2025-07,QUESOS MADURADOS,QUESOS TAJADOS PREMIUM,Grandes Superficies,308758590,3167.07,0.1310517373002511,0.219,0.175
2025-07,QUESOS MADURADOS,TEMPORADA,Grandes Superficies,3890680,60.117,0.1264200537721796,0.221,0.14
2025-07,CARNES FRIAS,LONCHAS,Hard Discount,192208950,5243.654,0.0992170770121333,0.154,0.111
2025-07,CARNES MADURADAS,CHARCUTERIA,Hard Discount,103680280,928.234,0.0797212365694771,0.133,0.144
2025-07,QUESO PARMESANO,RALLADOS,Hard Discount,216608670,3650.048,0.1161217589820252,0.216,0.145
2025-07,QUESOS ANALOGOS,LONCHAS,Hard Discount,119099330,3445.873,0.1593645365629795,0.27,0.195
2025-07,QUESOS ANALOGOS,LONCHITAS,Hard Discount,101099050,3891.45,0.1593400787183887,0.246,0.194
2025-07,QUESOS ANALOGOS,RALLADOS,Hard Discount,64215400,1768.783,0.1544282326320671,0.217,0.23
2025-07,QUESOS FRESCOS,QUESOS TAJADOS,Hard Discount,208105630,5674.085,0.1374054112119865,0.22,0.184
2025-07,QUESOS FRESCOS,UNTABLES,Hard Discount,96020990,2095.693,0.1412420370282188,0.213,0.202
2025-07,CARNES MADURADAS,CHARCUTERIA,Tiendas Especializadas,33993470,245.092,0.0962902600724267,0.183,0.14
2025-07,QUESOS MADURADOS,CUÑAS,Tiendas Especializadas,15488230,145.006,0.1103405531778781,0.166,0.138
2025-07,QUESOS MADURADOS,CUÑAS PREMIUM,Tiendas Especializadas,22055720,192.851,0.1050031425518412,0.21,0.159
2025-07,QUESOS MADURADOS,ESPECIALES,Tiendas Especializadas,13630280,124.247,0.1106668120267265,0.225,0.151
2025-07,QUESOS MADURADOS,MEZCLAS PREMIUM,Tiendas Especializadas,11675210,112.38,0.1089162477282238,0.211,0.124
2025-07,QUESOS MADURADOS,QUESOS BLANDOS,Tiendas Especializadas,15581850,136.516,0.1080462487776831,0.188,0.14
2025-07,QUESOS MADURADOS,QUESOS TAJADOS PREMIUM,Tiendas Especializadas,30190870,282.464,0.1051460292843734,0.184,0.139
2025-07,QUESOS MADURADOS,TEMPORADA,Tiendas Especializadas,739250,10.191,0.1079341989263754,0.186,0.155
2025-07,CARNES FRIAS,LONCHAS,Tradicional Modernizado,9150630,232.541,0.0761587186208475,0.128,0.113
2025-07,CARNES MADURADAS,CHARCUTERIA,Tradicional Modernizado,10760560,88.289,0.0607096874272786,0.12,0.09
2025-07,QUESO PARMESANO,RALLADOS,Tradicional Modernizado,9701950,151.438,0.0894758334670758,0.18,0.164
2025-07,QUESOS ANALOGOS,LONCHAS,Tradicional Modernizado,3466900,94.28,0.1113704699357883,0.219,0.183
2025-07,QUESOS FRESCOS,QUESOS TAJADOS,Tradicional Modernizado,6345310,162.239,0.1017019253887361,0.177,0.18
2025-07,QUESOS FRESCOS,UNTABLES,Tradicional Modernizado,3452310,70.455,0.0965150077366568,0.197,0.169
2025-08,CARNES FRIAS,LONCHAS,E-commerce,7286210,171.481,0.0603564633123655,0.12,0.129
2025-08,CARNES MADURADAS,CHARCUTERIA,E-commerce,9943250,73.932,0.0551861939127654,0.166,0.103
2025-08,QUESO PARMESANO,RALLADOS,E-commerce,8459800,123.063,0.0674448733772859,0.126,0.09
2025-08,QUESOS ANALOGOS,LONCHAS,E-commerce,2193750,54.314,0.0552341262582837,0.12,0.093
2025-08,QUESOS FRESCOS,QUESOS TAJADOS,E-commerce,4186550,98.158,0.0738604104172264,0.183,0.14
2025-08,QUESOS FRESCOS,UNTABLES,E-commerce,3489470,65.331,0.076533140352093,0.183,0.106
2025-08,QUESOS MADURADOS,CUÑAS PREMIUM,E-commerce,2420450,22.079,0.0679378275984569,0.136,0.12
2025-08,CARNES FRIAS,LONCHAS,Grandes Superficies,138762130,3444.44,0.1152524143514829,0.206,0.137
2025-08,CARNES MADURADAS,CHARCUTERIA,Grandes Superficies,307930280,2464.267,0.103203100026418,0.204,0.115
2025-08,QUESO PARMESANO,RALLADOS,Grandes Superficies,126443200,1935.054,0.1751630731795483,0.242,0.23
2025-08,QUESOS ANALOGOS,LONCHAS,Grandes Superficies,49366110,1298.855,0.1516335669500106,0.231,0.215
2025-08,QUESOS ANALOGOS,LONCHITAS,Grandes Superficies,64280360,2248.591,0.1474202921154457,0.263,0.191
2025-08,QUESOS FRESCOS,QUESOS TAJADOS,Grandes Superficies,128074000,3177.709,0.163702858137762,0.216,0.24
2025-08,QUESOS FRESCOS,UNTABLES,Grandes Superficies,57313520,1137.754,0.1655893639245265,0.265,0.176
2025-08,QUESOS MADURADOS,CUÑAS,Grandes Superficies,120264690,1232.487,0.1288045588021468,0.203,0.206
2025-08,QUESOS MADURADOS,ESPECIALES,Grandes Superficies,123600900,1235.245,0.1287194488126414,0.196,0.167
2025-08,QUESOS MADURADOS,MEZCLAS PREMIUM,Grandes Superficies,88964530,945.906,0.12711628396785,0.203,0.159
2025-08,QUESOS MADURADOS,QUESOS BLANDOS,Grandes Superficies,51576450,495.04,0.1265048358227829,0.229,0.192
2025-08,QUESOS MADURADOS,QUESOS TAJADOS PREMIUM,Grandes Superficies,314651590,3227.437,0.1306454527518468,0.189,0.178
2025-08,QUESOS MADURADOS,TEMPORADA,Grandes Superficies,2633110,41.162,0.1287603818806723,0.195,0.15
2025-08,CARNES FRIAS,LONCHAS,Hard Discount,187414140,5117.783,0.0980170442638699,0.162,0.135
2025-08,CARNES MADURADAS,CHARCUTERIA,Hard Discount,109472140,980.888,0.079519777986963,0.197,0.113
2025-08,QUESO PARMESANO,RALLADOS,Hard Discount,206984900,3490.767,0.1219216462446042,0.238,0.149
2025-08,QUESOS ANALOGOS,LONCHAS,Hard Discount,122096260,3536.039,0.1526284218484095,0.237,0.208
2025-08,QUESOS ANALOGOS,LONCHITAS,Hard Discount,102670130,3954.757,0.1549688330700858,0.227,0.172
2025-08,QUESOS ANALOGOS,RALLADOS,Hard Discount,67126750,1852.276,0.1492488561013183,0.246,0.188
2025-08,QUESOS FRESCOS,QUESOS TAJADOS,Hard Discount,198432770,5416.375,0.1433892702779852,0.235,0.199
2025-08,QUESOS FRESCOS,UNTABLES,Hard Discount,97171610,2117.637,0.1411006714440295,0.26,0.205
2025-08,CARNES MADURADAS,CHARCUTERIA,Tiendas Especializadas,41246910,297.486,0.0978870871596359,0.202,0.139
2025-08,QUESOS MADURADOS,CUÑAS,Tiendas Especializadas,16557600,154.708,0.1131160102262277,0.216,0.19
2025-08,QUESOS MADURADOS,CUÑAS PREMIUM,Tiendas Especializadas,19605160,171.666,0.1083500439503648,0.181,0.143
2025-08,QUESOS MADURADOS,ESPECIALES,Tiendas Especializadas,13326820,121.742,0.1108906567947636,0.229,0.177
2025-08,QUESOS MADURADOS,MEZCLAS PREMIUM,Tiendas Especializadas,9418780,91.848,0.1136665700459254,0.179,0.142
2025-08,QUESOS MADURADOS,QUESOS BLANDOS,Tiendas Especializadas,13360760,116.839,0.1112638727693543,0.189,0.19
2025-08,QUESOS MADURADOS,QUESOS TAJADOS PREMIUM,Tiendas Especializadas,30557120,285.071,0.1141822367428159,0.225,0.148
2025-08,QUESOS MADURADOS,TEMPORADA,Tiendas Especializadas,1852030,25.403,0.1102248001021033,0.226,0.125
2025-08,CARNES FRIAS,LONCHAS,Tradicional Modernizado,8225020,208.759,0.080427750716261,0.169,0.152
2025-08,CARNES MADURADAS,CHARCUTERIA,Tradicional Modernizado,11299310,93.689,0.0606258353573121,0.12,0.09
2025-08,QUESO PARMESANO,RALLADOS,Tradicional Modernizado,7824480,122.742,0.0916558733711535,0.157,0.132
2025-08,QUESOS ANALOGOS,LONCHAS,Tradicional Modernizado,2983550,81.142,0.1127648968787086,0.202,0.186
2025-08,QUESOS FRESCOS,QUESOS TAJADOS,Tradicional Modernizado,6381740,163.615,0.1039026674023511,0.209,0.18
2025-08,QUESOS FRESCOS,UNTABLES,Tradicional Modernizado,3256590,66.647,0.1020301620262841,0.185,0.168
2025-09,CARNES FRIAS,LONCHAS,E-commerce,5679780,134.264,0.0548172384126984,0.146,0.09
2025-09,CARNES MADURADAS,CHARCUTERIA,E-commerce,10090470,74.102,0.0561391337024255,0.12,0.09
2025-09,QUESO PARMESANO,RALLADOS,E-commerce,6297710,92.142,0.0689154970493522,0.177,0.093
2025-09,QUESOS ANALOGOS,LONCHAS,E-commerce,2368540,58.915,0.0585593306092152,0.123,0.134
2025-09,QUESOS FRESCOS,QUESOS TAJADOS,E-commerce,4211720,99.158,0.0806795472515238,0.163,0.093
2025-09,QUESOS FRESCOS,UNTABLES,E-commerce,3701090,69.072,0.0781797469804959,0.186,0.157
2025-09,QUESOS MADURADOS,CUÑAS PREMIUM,E-commerce,4094270,37.042,0.0647905248662212,0.129,0.139
2025-09,CARNES FRIAS,LONCHAS,Grandes Superficies,126820880,3153.808,0.1150799440509583,0.166,0.137
2025-09,CARNES MADURADAS,CHARCUTERIA,Grandes Superficies,287425450,2300.75,0.103826990565721,0.178,0.181
2025-09,QUESO PARMESANO,RALLADOS,Grandes Superficies,122520750,1872.904,0.1730734536650138,0.245,0.227
2025-09,QUESOS ANALOGOS,LONCHAS,Grandes Superficies,47536040,1249.499,0.1519809114958852,0.269,0.216
2025-09,QUESOS ANALOGOS,LONCHITAS,Grandes Superficies,63735720,2231.807,0.151238904257655,0.268,0.193
2025-09,QUESOS FRESCOS,QUESOS TAJADOS,Grandes Superficies,122924440,3049.047,0.1601155930074987,0.26,0.199
2025-09,QUESOS FRESCOS,UNTABLES,Grandes Superficies,55044950,1091.051,0.1660784581991665,0.231,0.194
2025-09,QUESOS MADURADOS,CUÑAS,Grandes Superficies,125199240,1282.77,0.128822746667536,0.212,0.176
2025-09,QUESOS MADURADOS,ESPECIALES,Grandes Superficies,117041430,1167.096,0.1323798727026527,0.21,0.161
2025-09,QUESOS MADURADOS,MEZCLAS PREMIUM,Grandes Superficies,92602740,984.81,0.126846792466807,0.196,0.164
2025-09,QUESOS MADURADOS,QUESOS BLANDOS,Grandes Superficies,56935350,547.01,0.1329957596038627,0.242,0.162
2025-09,QUESOS MADURADOS,QUESOS TAJADOS PREMIUM,Grandes Superficies,306611280,3143.324,0.128987654952078,0.239,0.153
2025-09,QUESOS MADURADOS,TEMPORADA,Grandes Superficies,4751260,73.59,0.1304516425074882,0.246,0.174
2025-09,CARNES FRIAS,LONCHAS,Hard Discount,178812940,4896.556,0.0988286421813535,0.19,0.119
2025-09,CARNES MADURADAS,CHARCUTERIA,Hard Discount,113035400,1013.331,0.0779212530028675,0.163,0.109
2025-09,QUESO PARMESANO,RALLADOS,Hard Discount,206873130,3486.45,0.1204090159608779,0.229,0.199
2025-09,QUESOS ANALOGOS,LONCHAS,Hard Discount,121274820,3508.284,0.1517836160743893,0.237,0.22
2025-09,QUESOS ANALOGOS,LONCHITAS,Hard Discount,105904380,4083.33,0.1457163543653518,0.259,0.218
2025-09,QUESOS ANALOGOS,RALLADOS,Hard Discount,66492290,1839.011,0.1485308983522518,0.226,0.163
2025-09,QUESOS FRESCOS,QUESOS TAJADOS,Hard Discount,190917520,5210.316,0.1385712551582411,0.252,0.21
2025-09,QUESOS FRESCOS,UNTABLES,Hard Discount,88348810,1933.294,0.1428649675750247,0.201,0.209
2025-09,CARNES MADURADAS,CHARCUTERIA,Tiendas Especializadas,33500330,241.584,0.1046428535885516,0.168,0.142
2025-09,QUESOS MADURADOS,CUÑAS,Tiendas Especializadas,10981400,102.539,0.1145901088789731,0.234,0.185
2025-09,QUESOS MADURADOS,CUÑAS PREMIUM,Tiendas Especializadas,22135130,193.849,0.1106530440673185,0.204,0.147
2025-09,QUESOS MADURADOS,ESPECIALES,Tiendas Especializadas,11865520,107.882,0.1158676162117634,0.235,0.175
2025-09,QUESOS MADURADOS,MEZCLAS PREMIUM,Tiendas Especializadas,10334080,100.158,0.1114235199609521,0.222,0.161
2025-09,QUESOS MADURADOS,QUESOS BLANDOS,Tiendas Especializadas,15709950,137.349,0.1128514065502949,0.203,0.163
2025-09,QUESOS MADURADOS,QUESOS TAJADOS PREMIUM,Tiendas Especializadas,26759100,249.346,0.1118927877038783,0.221,0.16
2025-09,QUESOS MADURADOS,TEMPORADA,Tiendas Especializadas,810860,12.056,0.1161236059235394,0.235,0.136
2025-09,CARNES FRIAS,LONCHAS,Tradicional Modernizado,9075620,232.529,0.083086350778152,0.145,0.163
2025-09,CARNES MADURADAS,CHARCUTERIA,Tradicional Modernizado,10101900,83.576,0.0564754883332962,0.148,0.132
2025-09,QUESO PARMESANO,RALLADOS,Tradicional Modernizado,9251510,147.046,0.0918077564898769,0.155,0.105
2025-09,QUESOS ANALOGOS,LONCHAS,Tradicional Modernizado,2704080,73.141,0.1127962285711398,0.177,0.155
2025-09,QUESOS FRESCOS,QUESOS TAJADOS,Tradicional Modernizado,5683540,144.945,0.1000380793644501,0.155,0.141
2025-09,QUESOS FRESCOS,UNTABLES,Tradicional Modernizado,4633270,94.68,0.0992818904966103,0.153,0.166
2025-10,CARNES FRIAS,LONCHAS,E-commerce,6766130,158.332,0.0610112006533809,0.171,0.09
2025-10,CARNES MADURADAS,CHARCUTERIA,E-commerce,7732970,57.34,0.059992502253643,0.129,0.119
2025-10,QUESO PARMESANO,RALLADOS,E-commerce,8520060,123.114,0.0698540005850069,0.18,0.134
2025-10,QUESOS ANALOGOS,LONCHAS,E-commerce,1569960,39.08,0.0575746188875489,0.163,0.09
2025-10,QUESOS FRESCOS,QUESOS TAJADOS,E-commerce,3556880,83.98,0.0803766540908054,0.193,0.092
2025-10,QUESOS FRESCOS,UNTABLES,E-commerce,2885870,54.029,0.081438081840768,0.185,0.128
2025-10,QUESOS MADURADOS,CUÑAS PREMIUM,E-commerce,4451310,40.293,0.0670095369682555,0.12,0.127
2025-10,QUESOS MADURADOS,TEMPORADA,E-commerce,480780,7.678,0.0651239389796012,0.15,0.141
2025-10,CARNES FRIAS,LONCHAS,Grandes Superficies,138451730,3436.483,0.1135114047804335,0.232,0.192
2025-10,CARNES MADURADAS,CHARCUTERIA,Grandes Superficies,339424040,2725.435,0.1002115242506313,0.203,0.173
2025-10,QUESO PARMESANO,RALLADOS,Grandes Superficies,125526470,1922.34,0.1737466160736994,0.269,0.215
2025-10,QUESOS ANALOGOS,LONCHAS,Grandes Superficies,52430710,1377.67,0.1517780425896578,0.263,0.211
2025-10,QUESOS ANALOGOS,LONCHITAS,Grandes Superficies,70222770,2456.654,0.147478664905195,0.232,0.192
2025-10,QUESOS FRESCOS,QUESOS TAJADOS,Grandes Superficies,138131690,3421.864,0.1631566919003716,0.24,0.217
2025-10,QUESOS FRESCOS,UNTABLES,Grandes Superficies,60403180,1196.918,0.1670958483796016,0.248,0.232
2025-10,QUESOS MADURADOS,CUÑAS,Grandes Superficies,134605660,1379.325,0.1292298575987946,0.24,0.199
2025-10,QUESOS MADURADOS,ESPECIALES,Grandes Superficies,113443400,1134.093,0.1285167704254328,0.218,0.171
2025-10,QUESOS MADURADOS,MEZCLAS PREMIUM,Grandes Superficies,99973670,1061.334,0.128894334336366,0.237,0.147
2025-10,QUESOS MADURADOS,QUESOS BLANDOS,Grandes Superficies,54711050,525.815,0.1264704253304853,0.218,0.187
2025-10,QUESOS MADURADOS,QUESOS TAJADOS PREMIUM,Grandes Superficies,320125560,3284.008,0.1337846953196515,0.236,0.167
2025-10,QUESOS MADURADOS,TEMPORADA,Grandes Superficies,39625320,607.834,0.1324375549586018,0.236,0.158
2025-10,CARNES FRIAS,LONCHAS,Hard Discount,197204550,5387.228,0.0991344778578014,0.192,0.114
2025-10,CARNES MADURADAS,CHARCUTERIA,Hard Discount,113857590,1024.749,0.0828300484483313,0.144,0.13
2025-10,QUESO PARMESANO,RALLADOS,Hard Discount,220264430,3722.266,0.1211090245820357,0.174,0.182
2025-10,QUESOS ANALOGOS,LONCHAS,Hard Discount,135636440,3914.836,0.1443355440666547,0.239,0.159
2025-10,QUESOS ANALOGOS,LONCHITAS,Hard Discount,113199100,4355.171,0.1457467463240159,0.247,0.19
2025-10,QUESOS ANALOGOS,RALLADOS,Hard Discount,75315040,2082.542,0.1408855430382309,0.213,0.162
2025-10,QUESOS FRESCOS,QUESOS TAJADOS,Hard Discount,206686610,5637.228,0.1390133566612477,0.201,0.165
2025-10,QUESOS FRESCOS,UNTABLES,Hard Discount,91808820,2007.845,0.1365643272897427,0.234,0.209
2025-10,CARNES MADURADAS,CHARCUTERIA,Tiendas Especializadas,33398640,241.703,0.1115416610609964,0.228,0.18
2025-10,QUESOS MADURADOS,CUÑAS,Tiendas Especializadas,15093420,141.451,0.1131135107351406,0.168,0.171
2025-10,QUESOS MADURADOS,CUÑAS PREMIUM,Tiendas Especializadas,21198910,185.591,0.1196179374681526,0.209,0.133
2025-10,QUESOS MADURADOS,ESPECIALES,Tiendas Especializadas,10313380,93.476,0.1203513833352026,0.235,0.195
2025-10,QUESOS MADURADOS,MEZCLAS PREMIUM,Tiendas Especializadas,10826020,105.179,0.1163732830196509,0.178,0.155
2025-10,QUESOS MADURADOS,QUESOS BLANDOS,Tiendas Especializadas,13429520,117.452,0.1138767357846218,0.166,0.163
2025-10,QUESOS MADURADOS,QUESOS TAJADOS PREMIUM,Tiendas Especializadas,28121840,262.954,0.1140885579765978,0.176,0.149
2025-10,QUESOS MADURADOS,TEMPORADA,Tiendas Especializadas,3191950,45.784,0.1201302941694093,0.184,0.148
2025-10,CARNES FRIAS,LONCHAS,Tradicional Modernizado,8332910,212.511,0.0822545660442611,0.179,0.118
2025-10,CARNES MADURADAS,CHARCUTERIA,Tradicional Modernizado,10308690,85.013,0.0611668441572008,0.143,0.116
2025-10,QUESO PARMESANO,RALLADOS,Tradicional Modernizado,10498690,165.454,0.0909618338310736,0.161,0.156
2025-10,QUESOS ANALOGOS,LONCHAS,Tradicional Modernizado,3068970,83.291,0.1116564701810643,0.21,0.189
2025-10,QUESOS FRESCOS,QUESOS TAJADOS,Tradicional Modernizado,6717220,172.786,0.1012814445031315,0.19,0.169
2025-10,QUESOS FRESCOS,UNTABLES,Tradicional Modernizado,5129910,105.562,0.0966254894141486,0.178,0.154
2025-11,CARNES FRIAS,LONCHAS,E-commerce,5241820,123.074,0.0635390465732598,0.143,0.128
2025-11,CARNES MADURADAS,CHARCUTERIA,E-commerce,9005760,66.462,0.0613885023479999,0.162,0.095
2025-11,QUESO PARMESANO,RALLADOS,E-commerce,9223330,133.459,0.0689349507138214,0.179,0.144
2025-11,QUESOS ANALOGOS,LONCHAS,E-commerce,3312370,82.508,0.056358353522843,0.142,0.09
2025-11,QUESOS FRESCOS,QUESOS TAJADOS,E-commerce,5223860,122.161,0.0798125940831588,0.197,0.098
2025-11,QUESOS FRESCOS,UNTABLES,E-commerce,2596960,48.406,0.0826349913191966,0.142,0.148
2025-11,QUESOS MADURADOS,CUÑAS PREMIUM,E-commerce,5168500,46.894,0.0671723575750698,0.183,0.09
2025-11,QUESOS MADURADOS,TEMPORADA,E-commerce,3267760,48.947,0.079678414618444,0.187,0.125
2025-11,CARNES FRIAS,LONCHAS,Grandes Superficies,136574170,3386.597,0.1136893574816065,0.19,0.131
2025-11,CARNES MADURADAS,CHARCUTERIA,Grandes Superficies,324758760,2601.015,0.1002685485808948,0.187,0.152
2025-11,QUESO PARMESANO,RALLADOS,Grandes Superficies,120428370,1846.537,0.1732973724140963,0.293,0.212
2025-11,QUESOS ANALOGOS,LONCHAS,Grandes Superficies,52155700,1373.501,0.146232154529091,0.259,0.204
2025-11,QUESOS ANALOGOS,LONCHITAS,Grandes Superficies,67807510,2377.683,0.1471684970478016,0.216,0.195
2025-11,QUESOS FRESCOS,QUESOS TAJADOS,Grandes Superficies,132947990,3298.097,0.1637914152512735,0.266,0.221
2025-11,QUESOS FRESCOS,UNTABLES,Grandes Superficies,59006530,1169.143,0.1647359914544114,0.257,0.207
2025-11,QUESOS MADURADOS,CUÑAS,Grandes Superficies,144095200,1480.902,0.1294818964037382,0.191,0.171
2025-11,QUESOS MADURADOS,ESPECIALES,Grandes Superficies,138657140,1382.165,0.1275173460921473,0.191,0.2
2025-11,QUESOS MADURADOS,MEZCLAS PREMIUM,Grandes Superficies,98693160,1049.472,0.1272640395144778,0.198,0.156
2025-11,QUESOS MADURADOS,QUESOS BLANDOS,Grandes Superficies,58904890,566.001,0.1325085288478287,0.227,0.182
2025-11,QUESOS MADURADOS,QUESOS TAJADOS PREMIUM,Grandes Superficies,364594080,3740.491,0.1271624597279912,0.215,0.184
2025-11,QUESOS MADURADOS,TEMPORADA,Grandes Superficies,116872630,1804.211,0.1434976669311496,0.258,0.205
2025-11,CARNES FRIAS,LONCHAS,Hard Discount,193556220,5300.52,0.0989336823411901,0.153,0.135
2025-11,CARNES MADURADAS,CHARCUTERIA,Hard Discount,125184690,1123.429,0.0790436895611836,0.172,0.101
2025-11,QUESO PARMESANO,RALLADOS,Hard Discount,212421540,3579.433,0.1208012630153203,0.184,0.138
2025-11,QUESOS ANALOGOS,LONCHAS,Hard Discount,136645020,3951.308,0.1389413197635894,0.19,0.212
2025-11,QUESOS ANALOGOS,LONCHITAS,Hard Discount,108892940,4192.726,0.1436316223031307,0.206,0.166
2025-11,QUESOS ANALOGOS,RALLADOS,Hard Discount,73587650,2031.936,0.1364954489153931,0.241,0.187
2025-11,QUESOS FRESCOS,QUESOS TAJADOS,Hard Discount,196708910,5365.122,0.1432120206118825,0.202,0.166
2025-11,QUESOS FRESCOS,UNTABLES,Hard Discount,92703470,2026.452,0.1420216523956775,0.203,0.206
2025-11,CARNES MADURADAS,CHARCUTERIA,Tiendas Especializadas,30905700,224.83,0.1177776222412728,0.189,0.143
2025-11,QUESOS MADURADOS,CUÑAS,Tiendas Especializadas,13915310,129.727,0.1233361373679217,0.235,0.184
2025-11,QUESOS MADURADOS,CUÑAS PREMIUM,Tiendas Especializadas,19184760,168.373,0.121159683825823,0.227,0.193
2025-11,QUESOS MADURADOS,ESPECIALES,Tiendas Especializadas,17148540,155.223,0.1175727211459501,0.182,0.136
2025-11,QUESOS MADURADOS,MEZCLAS PREMIUM,Tiendas Especializadas,14618390,142.135,0.1215749433468588,0.23,0.174
2025-11,QUESOS MADURADOS,QUESOS BLANDOS,Tiendas Especializadas,17352320,151.923,0.1168356675289059,0.174,0.168
2025-11,QUESOS MADURADOS,QUESOS TAJADOS PREMIUM,Tiendas Especializadas,29342730,274.399,0.1224494308790329,0.194,0.154
2025-11,QUESOS MADURADOS,TEMPORADA,Tiendas Especializadas,11792310,164.577,0.1300305166990579,0.183,0.157
2025-11,CARNES FRIAS,LONCHAS,Tradicional Modernizado,8654500,220.977,0.0832664921949461,0.175,0.123
2025-11,CARNES MADURADAS,CHARCUTERIA,Tradicional Modernizado,12354770,102.318,0.0578586048126843,0.12,0.09
2025-11,QUESO PARMESANO,RALLADOS,Tradicional Modernizado,7717910,121.77,0.0874602527468187,0.2,0.133
2025-11,QUESOS ANALOGOS,LONCHAS,Tradicional Modernizado,2796970,76.002,0.1124966474618805,0.189,0.126
2025-11,QUESOS FRESCOS,QUESOS TAJADOS,Tradicional Modernizado,6970920,178.44,0.1036764270186369,0.156,0.161
2025-11,QUESOS FRESCOS,UNTABLES,Tradicional Modernizado,4423340,90.872,0.1034422656934583,0.21,0.143
2025-12,CARNES FRIAS,LONCHAS,E-commerce,6766260,158.76,0.0579492792946561,0.138,0.124
2025-12,CARNES MADURADAS,CHARCUTERIA,E-commerce,11726240,87.215,0.0577883548889249,0.172,0.093
2025-12,QUESO PARMESANO,RALLADOS,E-commerce,6689080,96.48,0.067889795378521,0.144,0.141
2025-12,QUESOS ANALOGOS,LONCHAS,E-commerce,2173670,54.126,0.063740143683687,0.15,0.118
2025-12,QUESOS FRESCOS,QUESOS TAJADOS,E-commerce,3947070,92.25,0.081300840288387,0.191,0.127
2025-12,QUESOS FRESCOS,UNTABLES,E-commerce,2600020,48.981,0.0816646436077541,0.142,0.1
2025-12,QUESOS MADURADOS,CUÑAS PREMIUM,E-commerce,3295950,30.061,0.0698584116441884,0.18,0.125
2025-12,QUESOS MADURADOS,TEMPORADA,E-commerce,8029000,122.62,0.0807373223388001,0.145,0.108
2025-12,CARNES FRIAS,LONCHAS,Grandes Superficies,153616200,3818.689,0.1085948599398671,0.211,0.181
2025-12,CARNES MADURADAS,CHARCUTERIA,Grandes Superficies,373631660,2996.212,0.1013546328421814,0.209,0.132
2025-12,QUESO PARMESANO,RALLADOS,Grandes Superficies,131045570,2007.125,0.1750015695773514,0.243,0.219
2025-12,QUESOS ANALOGOS,LONCHAS,Grandes Superficies,54099670,1422.578,0.1534186948896388,0.246,0.224
2025-12,QUESOS ANALOGOS,LONCHITAS,Grandes Superficies,69400960,2430.768,0.1522481721664985,0.271,0.199
2025-12,QUESOS FRESCOS,QUESOS TAJADOS,Grandes Superficies,138951160,3448.602,0.1624426170436688,0.258,0.234
2025-12,QUESOS FRESCOS,UNTABLES,Grandes Superficies,63876780,1268.476,0.1672873906944086,0.238,0.203
2025-12,QUESOS MADURADOS,CUÑAS,Grandes Superficies,163229730,1670.974,0.1285178908602638,0.227,0.166
2025-12,QUESOS MADURADOS,ESPECIALES,Grandes Superficies,167102130,1665.254,0.1265572734007956,0.183,0.162
2025-12,QUESOS MADURADOS,MEZCLAS PREMIUM,Grandes Superficies,117301100,1246.669,0.1273473137609743,0.186,0.184
2025-12,QUESOS MADURADOS,QUESOS BLANDOS,Grandes Superficies,68830870,662.593,0.1269633883537313,0.222,0.168
2025-12,QUESOS MADURADOS,QUESOS TAJADOS PREMIUM,Grandes Superficies,412367340,4226.225,0.1321391975582679,0.204,0.194
2025-12,QUESOS MADURADOS,TEMPORADA,Grandes Superficies,263394680,4073.374,0.1420689669739896,0.214,0.187
2025-12,CARNES FRIAS,LONCHAS,Hard Discount,208341710,5696.174,0.0980781059639644,0.164,0.173
2025-12,CARNES MADURADAS,CHARCUTERIA,Hard Discount,138408430,1240.126,0.0767664228065013,0.166,0.122
2025-12,QUESO PARMESANO,RALLADOS,Hard Discount,227530260,3830.8,0.1167641182939826,0.209,0.168
2025-12,QUESOS ANALOGOS,LONCHAS,Hard Discount,153220290,4438.765,0.134023761595525,0.216,0.196
2025-12,QUESOS ANALOGOS,LONCHITAS,Hard Discount,122601570,4728.143,0.1351634355178508,0.189,0.193
2025-12,QUESOS ANALOGOS,RALLADOS,Hard Discount,81729050,2259.848,0.1330178141623793,0.184,0.151
2025-12,QUESOS FRESCOS,QUESOS TAJADOS,Hard Discount,227114240,6195.071,0.1376013249528722,0.241,0.171
2025-12,QUESOS FRESCOS,UNTABLES,Hard Discount,107029910,2338.071,0.1361806309129687,0.254,0.15
2025-12,CARNES MADURADAS,CHARCUTERIA,Tiendas Especializadas,46680930,332.783,0.1226023213418543,0.185,0.164
2025-12,QUESOS MADURADOS,CUÑAS,Tiendas Especializadas,17184780,161.16,0.1194463900577359,0.201,0.132
2025-12,QUESOS MADURADOS,CUÑAS PREMIUM,Tiendas Especializadas,23192010,203.349,0.1254000693916712,0.236,0.183
2025-12,QUESOS MADURADOS,ESPECIALES,Tiendas Especializadas,16543830,150.082,0.1216000504679078,0.229,0.197
2025-12,QUESOS MADURADOS,MEZCLAS PREMIUM,Tiendas Especializadas,16940320,163.766,0.1253004961816359,0.198,0.182
2025-12,QUESOS MADURADOS,QUESOS BLANDOS,Tiendas Especializadas,16059550,140.979,0.1250184184387312,0.182,0.173
2025-12,QUESOS MADURADOS,QUESOS TAJADOS PREMIUM,Tiendas Especializadas,36000320,336.572,0.1261244365271813,0.179,0.162
2025-12,QUESOS MADURADOS,TEMPORADA,Tiendas Especializadas,21841400,308.161,0.1340206887277956,0.205,0.176
2025-12,CARNES FRIAS,LONCHAS,Tradicional Modernizado,9753930,250.409,0.0808279227916464,0.195,0.12
2025-12,CARNES MADURADAS,CHARCUTERIA,Tradicional Modernizado,13338300,110.76,0.0577824609391639,0.17,0.125
2025-12,QUESO PARMESANO,RALLADOS,Tradicional Modernizado,11389570,180.769,0.0876810752045427,0.199,0.125
2025-12,QUESOS ANALOGOS,LONCHAS,Tradicional Modernizado,3475050,94.211,0.1098601794261558,0.215,0.14
2025-12,QUESOS FRESCOS,QUESOS TAJADOS,Tradicional Modernizado,6024000,154.612,0.1002507093049503,0.165,0.146
2025-12,QUESOS FRESCOS,UNTABLES,Tradicional Modernizado,4407180,90.11,0.1020969937785815,0.156,0.131
